Term,Estimate,StdError,tStat,pValue,CI_Lower,CI_Upper
(Intercept),0.14205633774753,0.120158521318379,1.18224106113231,0.446958344357617,-1.38470243491981,1.66881511041487
x1,-0.13499765751917,0.189319212669915,-0.713068978131361,0.605650118333172,-2.54052633419451,2.27053101915617
x2,0.0455797938651777,0.0697930906199148,0.65307028905483,0.631696000951078,-0.841225504721854,0.932385092452209
