Model,Params,LogParams,HallRate,Pred_Lin,Resid_Lin,Pred_Quad,Resid_Quad
Llama2‑7B,7,0.845098040014257,0.056,0.0554765998092211,0.000523400190778948,0.0605227467320048,-0.00452274673200476
Llama2‑13B,13,1.11394335230684,0.059,0.0522368817704021,0.00676311822959792,0.0482351839167139,0.0107648160832861
Llama2‑30B,30,1.47712125471966,0.033,0.0478604096953867,-0.0148604096953867,0.0420983973538378,-0.00909839735383781
Llama2‑70B,70,1.84509804001426,0.051,0.0434261087249902,0.00757389127500975,0.0481436719974434,0.00285632800255656
