index_removed,log10_removed,rate_true,rate_lagr_pred,rate_newt_pred,rate_pchip_pred,error_lagr,error_newton,error_pchip
1,9.84509804001426,0.056,0.106251752053028,0.106251752053028,0.102188339701008,0.0502517520530285,0.0502517520530285,0.0461883397010078
2,10.1139433523068,0.059,0.0378871499877991,0.0378871499877991,0.0390387928711547,0.0211128500122009,0.0211128500122009,0.0199612071288453
3,10.4771212547197,0.033,0.0579797781451562,0.0579797781451562,0.0574998433763745,0.0249797781451562,0.0249797781451562,0.0244998433763745
4,10.8450980400143,0.051,-0.0285692746673087,-0.0285692746673087,-0.0105244696048857,0.0795692746673087,0.0795692746673087,0.0615244696048856
