ModelSize_B,Params,log10_Params,Rate
7,7000000000,9.84509804001426,0.056
13,13000000000,10.1139433523068,0.059
30,30000000000,10.4771212547197,0.033
70,70000000000,10.8450980400143,0.051
