orden,max_err,RMSE
3,163.666666441596,61.1356853923031
5,4205.40000022507,1264.13262215054
7,108974.231745807,28177.2671361055
9,2826298.83209899,651469.079868785
11,73308314.6432513,15401310.5666079
