orden,max_err,RMSE
3,9.1663313165362,3.31727635748849
5,59.1003353501305,17.4259505602617
7,383.007601157806,97.6818092797769
9,2483.47000025313,566.389217511225
11,16104.0821177523,3354.1321727553
